{"J1":{"route":[{"time":"7:05AM","busstop":"PORANKI","atime":null},{"time":"7:10AM","busstop":"TADIGADAPA","atime":null},{"time":"7:10AM","busstop":"KAMAYYATHOPU","atime":null},{"time":"7:15AM","busstop":"AUTO NAGAR GATE","atime":null},{"time":"7:15AM","busstop":"ASHOK NAGAR CHECK POST","atime":null},{"time":"7:20AM","busstop":"NTR CIRCLE","atime":null},{"time":"7:20AM","busstop":"PATAMATA HIGH SCHOOL RD","atime":null},{"time":"7:25AM","busstop":"SCREW BRIDGE","atime":null},{"time":"7:35AM","busstop":"BUS STAND","atime":null},{"time":"7:40AM","busstop":"GOLLAPUDI","atime":null}]},"J2":{"route":[{"time":"7:20AM","busstop":"NUNNA","atime":null},{"time":"7:22AM","busstop":"NUNNA MANGO MARKET","atime":null},{"time":"7:25AM","busstop":"KANDRIKA","atime":null},{"time":"7:30AM","busstop":"PAYAKAPURAM","atime":null},{"time":"7:30AM","busstop":"PIPULA ROAD","atime":null},{"time":"7:35AM","busstop":"JAKAMPUDI","atime":null}]},"J3":{"route":[{"time":"7:15AM","busstop":"UNDAVALLI","atime":null},{"time":"7:20AM","busstop":"DOLAS NAGAR","atime":null},{"time":"7:20AM","busstop":"TADEPALLI","atime":null},{"time":"7:25AM","busstop":"CM CAMP OFFICE","atime":null},{"time":"7:25AM","busstop":"MANIPAL","atime":null},{"time":"7:25AM","busstop":"SATYAM HOTEL","atime":null},{"time":"7:30AM","busstop":"BUS STAND","atime":null},{"time":"7:35AM","busstop":"GOLLAPUDI","atime":null},{"time":"7:35AM","busstop":"GUNTUPALLI","atime":null}]},"J4":{"route":[{"time":"7:00AM","busstop":"MANGALAGIRI","atime":null},{"time":"7:05AM","busstop":"DOLAS NAGAR","atime":null},{"time":"7:15AM","busstop":"UNDAVALLI","atime":null},{"time":"7:20AM","busstop":"UNDAVALLI CENTER","atime":null},{"time":"7:30AM","busstop":"TADEPALLI","atime":null}]},"J5":{"route":[{"time":"7:20AM","busstop":"RTC WORKSHOP RD","atime":null},{"time":"7:30AM","busstop":"URMILA NAGAR","atime":null},{"time":"7:35AM","busstop":"JOJI NAGAR CHURCH","atime":null},{"time":"7:35AM","busstop":"IRON MARKET","atime":null},{"time":"7:40AM","busstop":"NALLAKUNTA","atime":null},{"time":"7:45AM","busstop":"RLY WAGONWORK SHOP","atime":null},{"time":"7:50AM","busstop":"GUNTUPALLI","atime":null},{"time":"7:50AM","busstop":"KAZIPETA","atime":null}]},"J6":{"route":[{"time":"7:30AM","busstop":"MUMMY DADDY CENTER","atime":null},{"time":"7:35AM","busstop":"BOSU BOMMA CENTER","atime":null},{"time":"7:35AM","busstop":"MADHIRA CROSS","atime":null},{"time":"7:40AM","busstop":"BYPASS ROAD","atime":null}]},"J7":{"route":[{"time":"7:20AM","busstop":"PUTRELA","atime":null},{"time":"7:30AM","busstop":"TELLADEVARA PALLI","atime":null},{"time":"7:35AM","busstop":"CHADRUPATLA","atime":null},{"time":"7:40AM","busstop":"VISANNAPETA","atime":null},{"time":"7:45AM","busstop":"MADDULAPARVA\t","atime":null},{"time":"7:50AM","busstop":"ANNERAO PETA","atime":null},{"time":"7:50AM","busstop":"REDDIGUDEM","atime":null},{"time":"7:55AM","busstop":"KOTHA REDDIGUDEM","atime":null},{"time":"8:05AM","busstop":"RAGHAVAPURAM","atime":null}]},"J8":{"route":[{"time":"7:40AM","busstop":"RAJIV CIRCLE\t","atime":null},{"time":"7:40AM","busstop":"BUS STAND","atime":null},{"time":"7:50AM","busstop":"RAVI CHETTU CENTER","atime":null},{"time":"7:55AM","busstop":"MINCIPAL OFFICE","atime":null},{"time":"8:15AM","busstop":"SITARAMPURAM","atime":null},{"time":"8:20AM","busstop":"KOTHA EEDARA","atime":null},{"time":"8:25AM","busstop":"PATHA EEDARA","atime":null}]},"J9":{"route":[{"time":"7:05AM","busstop":"RTC BUS STAND","atime":null},{"time":"7:15AM","busstop":"RAITHUPETA","atime":null},{"time":"7:20AM","busstop":"ITHAVARAM","atime":null},{"time":"7:25AM","busstop":"KEESARA","atime":null},{"time":"7:45AM","busstop":"Paritala","atime":null}]},"S1":{"route":[{"time":"7:25AM","busstop":"KANCHIKACHERLA","atime":null},{"time":"7:35AM","busstop":"PARITALA","atime":null},{"time":"7:40AM","busstop":"DONABANDA","atime":null},{"time":"7:45AM","busstop":"KETHANAKONDA","atime":null},{"time":"7:50AM","busstop":"MULAPADU","atime":null},{"time":"7:55AM","busstop":"KILESAPURAM","atime":null},{"time":"8:00AM","busstop":"IBRAHIMPATNAM","atime":null}]},"S2":{"route":[{"time":"7:25AM","busstop":"SINGH NAGAR","atime":null},{"time":"7:30AM","busstop":"ANDHRA PRABHA COLN","atime":null},{"time":"7:35AM","busstop":"YSR RING ROAD","atime":null},{"time":"7:40AM","busstop":"JAKAMPUDI","atime":null},{"time":"7:45AM","busstop":"K.TADEPALLI","atime":null},{"time":"8:00AM","busstop":"VELAGALERU","atime":null},{"time":"8:05AM","busstop":"KANDHULAPADU X ROADS","atime":null}]},"S3":{"route":[{"time":"7:15AM","busstop":"MEDICAL COLLEGE","atime":null},{"time":"7:15AM","busstop":"CURRENCY NAGAR","atime":null},{"time":"7:20AM","busstop":"R RING","atime":null},{"time":"7:22AM","busstop":"GUNADALA ESI","atime":null},{"time":"7:25AM","busstop":"GUNADALA VANTENA","atime":null},{"time":"7:25AM","busstop":"GUNADALA","atime":null},{"time":"7:30AM","busstop":"PADAVALAREVU","atime":null},{"time":"7:30AM","busstop":"MACHAVARAM BRTS Rd","atime":null},{"time":"7:35AM","busstop":"SINGH NAGAR P BUNK","atime":null},{"time":"8:00AM","busstop":"VELAGALERU","atime":null}]},"S4":{"route":[{"time":"7:15AM","busstop":"GURUNANAK COLONY","atime":null},{"time":"7:18AM","busstop":"PB SIDHARTHA","atime":null},{"time":"7:20AM","busstop":"JAMMICHETTU","atime":null},{"time":"7:22AM","busstop":"VISALANDHRA ROAD","atime":null},{"time":"7:25AM","busstop":"BRTS","atime":null},{"time":"7:28AM","busstop":"GOVT PRESS","atime":null},{"time":"7:30AM","busstop":"BUDAMERU VANTHENA","atime":null},{"time":"7:35AM","busstop":"SINGH NAGAR","atime":null},{"time":"7:45AM","busstop":"JAKKAMPUDI","atime":null},{"time":"8:00AM","busstop":"VELAGALERU","atime":null}]},"S5":{"route":[{"time":"7:20AM","busstop":"GUNADHALA","atime":null},{"time":"7:20AM","busstop":"SITHARAMPURAM","atime":null},{"time":"7:25AM","busstop":"KOTHAVANTENA MANDIRAM","atime":null},{"time":"7:25AM","busstop":"VIJAYA TALKIES","atime":null},{"time":"7:25AM","busstop":"RAMAMANDIRAM","atime":null},{"time":"7:30AM","busstop":"PEZZONI PETA","atime":null},{"time":"7:30AM","busstop":"ELURU LAKULU","atime":null},{"time":"8:00AM","busstop":"TUMMALAPALEM","atime":null},{"time":"8:05AM","busstop":"KONDAPALLI","atime":null},{"time":"8:10AM","busstop":"KONDAPALLI S NAGAR","atime":null},{"time":"8:10AM","busstop":"KONDAPALLI APHMEL","atime":null},{"time":"8:15AM","busstop":"KATUBADI PALEM","atime":null}]},"S6":{"route":[{"time":"7:20AM","busstop":"FOOD JUNCTION","atime":null},{"time":"7:20AM","busstop":"BRTS ROAD","atime":null},{"time":"7:25AM","busstop":"YERRAKATTA","atime":null},{"time":"7:30AM","busstop":"SITHARA","atime":null},{"time":"7:32AM","busstop":"GOLLAPUDI ONE CENTER","atime":null},{"time":"7:50AM","busstop":"GUNTUPALLI","atime":null},{"time":"8:00AM","busstop":"IBM","atime":null},{"time":"8:00AM","busstop":"C-COLONY","atime":null},{"time":"8:05AM","busstop":"A-COLONY","atime":null},{"time":"8:08AM","busstop":"B-COLONY","atime":null},{"time":"8:10AM","busstop":"APHMEL","atime":null}]},"S7":{"route":[{"time":"7:40AM","busstop":"SITARA CENTER","atime":null},{"time":"7:40AM","busstop":"RELIANCE TRENDS","atime":null},{"time":"7:40AM","busstop":"SWATHI CENTER","atime":null},{"time":"7:40AM","busstop":"H B COLONY (BYPASS)","atime":null},{"time":"7:40AM","busstop":"GOLLAPUDI JUCTION","atime":null},{"time":"7:40AM","busstop":"GOLLAPUDI BUNK","atime":null},{"time":"7:45AM","busstop":"GOLLAPUDI ONE CENTER","atime":null},{"time":"7:45AM","busstop":"GOLLAPUDI (DATTA)","atime":null},{"time":"7:55AM","busstop":"VTPE ‘A’ COLONY (MRO)","atime":null}]},"S8":{"route":[{"time":"7:20AM","busstop":"GURUNANAK COLONY","atime":null},{"time":"7:30AM","busstop":"MARUTHI NAGAR","atime":null},{"time":"7:35AM","busstop":"TUMMALAPALEM","atime":null},{"time":"7:40AM","busstop":"GOLLAPUDI","atime":null},{"time":"7:40AM","busstop":"GUNTUPALLI","atime":null},{"time":"7:40AM","busstop":"IBM","atime":null}]}}